year,tmean.aug,tmin.aug,tmin.may,tmax.aug,ppt.aug,pdsi.oct,tmean.mjja,ppt.jja,pdsi.aso,tmin.mjja,tmax.mjja,pdsi.sep,stream.yel,swe.yel,tmax.lsum
1629,,,,,,,,,,,,,84.68108922,61.335,-0.36
1630,,,,,,,,,,,,,68.04346724,66.669,0.58
1631,,,,,,,,,,,,,57.25144276,55.846,1.29
1632,,,,,,,,,,,,,32.86899577,70.925,1.25
1633,,,,,,,,,,,,,217.1633015,38.082,-0.09
1634,,,,,,,,,,,,,105.3868529,40.198,1.25
1635,,,,,,,,,,,,,68.99004616,56.969,1.18
1636,,,,,,,,,,,,,92.21178638,32.193,0.51
1637,,,,,,,,,,,,,70.59703077,72.094,-0.24
1638,,,,,,,,,,,,,88.671986,37.027,0.28
1639,,,,,,,,,,,,,65.58226859,51.246,0.95
1640,,,,,,,,,,,,,165.8771006,47.342,0.24
1641,,,,,,,,,,,,,148.1789236,86.368,-2.04
1642,,,,,,,,,,,,,122.6835786,57.801,-0.58
1643,,,,,,,,,,,,,97.90084392,50.767,-0.32
1644,,,,,,,,,,,,,83.32713224,54.149,-0.66
1645,,,,,,,,,,,,,55.691182,50.576,0.84
1646,,,,,,,,,,,,,44.64639893,55.786,0.77
1647,,,,,,,,,,,,,98.57946016,45.492,1.85
1648,,,,,,,,,,,,,75.64608137,61.46,-0.24
1649,,,,,,,,,,,,,75.64608137,41.636,1.4
1650,,,,,,,,,,,,,132.369045,58.583,1.33
1651,,,,,,,,,,,,,104.4206604,38.841,1.18
1652,,,,,,,,,,,,,62.3428189,42.849,1.59
1653,,,,,,,,,,,,,72.74220065,43.657,0.51
1654,,,,,,,,,,,,,123.8187558,62.496,0.62
1655,,,,,,,,,,,,,105.6297947,49.577,0.13
1656,,,,,,,,,,,,,79.02899071,48.22,0.58
1657,,,,,,,,,,,,,45.16337987,58.142,0.73
1658,,,,,,,,,,,,,74.78016783,53.684,0.88
1659,,,,,,,,,,,,,64.83155457,36.737,0.43
1660,,,,,,,,,,,,,89.08127729,52.253,-1.55
1661,,,,,,,,,,,,,94.79521928,41.913,0.69
1662,,,,,,,,,,,,,103.7018336,57.18,-0.92
1663,,,,,,,,,,,,,91.78811171,90.536,-1.1
1664,,,,,,,,,,,,,105.3868529,51.421,-0.43
1665,,,,,,,,,,,,,82.94427884,56.167,-1.18
1666,,,,,,,,,,,,,144.1406365,51.708,-0.43
1667,,,,,,,,,,,,,69.30848974,69.604,-0.13
1668,,,,,,,,,,,,,105.3868529,51.063,-0.32
1669,,,,,,,,,,,,,94.14265358,67.806,-1.89
1670,,,,,,,,,,,,,101.1082132,53.616,0.24
1671,,,,,,,,,,,,,70.43466211,59.613,-0.13
1672,,,,,,,,,,,,,126.1207183,70.574,-0.24
1673,,,,,,,,,,,,,120.7220038,53.241,-1.03
1674,,,,,,,,,,,,,138.6074059,63.365,-0.92
1675,,,,,,,,,,,,,121.2792313,41.175,0.69
1676,,,,,,,,,,,,,217.1633015,48.908,-1.14
1677,,,,,,,,,,,,,95.45230835,46.404,0.88
1678,,,,,,,,,,,,,71.90952757,52.728,-0.54
1679,,,,,,,,,,,,,97.00328359,55.847,0.51
1680,,,,,,,,,,,,,149.2060508,57.174,1.07
1681,,,,,,,,,,,,,74.43658417,69.544,0.8
1682,,,,,,,,,,,,,107.5935992,56.397,0.17
1683,,,,,,,,,,,,,138.926929,50.43,-0.13
1684,,,,,,,,,,,,,136.705641,44.226,0.73
1685,,,,,,,,,,,,,92.4243565,51.842,-0.54
1686,,,,,,,,,,,,,71.74414024,61.418,-0.28
1687,,,,,,,,,,,,,165.8771006,52.272,0.09
1688,,,,,,,,,,,,,119.6152178,63.225,-0.92
1689,,,,,,,,,,,,,95.89289619,31.669,0.99
1690,,,,,,,,,,,,,82.5631845,52.079,0.99
1691,,,,,,,,,,,,,132.0646046,59.364,0.51
1692,,,,,,,,,,,,,158.7765772,63.678,-0.73
1693,,,,,,,,,,,,,105.1444698,70.805,-0.06
1694,,,,,,,,,,,,,147.8381215,46.615,-0.36
1695,,,,,,,,,,,,,53.30726923,56.005,-0.88
1696,,,,,,,,,,,,,93.92613149,69.745,0.62
1697,,,,,,,,,,,,,96.11395214,60.215,-0.28
1698,,,,,,,,,,,,,90.73742188,61.643,-2.75
1699,,,,,,,,,,,,,135.4523161,67.037,-0.73
1700,,,,,,,,,,,,,171.7063813,61.069,-0.39
1701,,,,,,,,,,,,,132.6741871,43.273,-0.32
1702,,,,,,,,,,,,,139.8899244,65.172,-1.33
1703,,,,,,,,,,,,,64.38525729,67.464,-0.73
1704,,,,,,,,,,,,,63.06471472,63.64,-1.37
1705,,,,,,,,,,,,,124.6770264,53.201,-0.58
1706,,,,,,,,,,,,,79.94410329,56.374,-0.51
1707,,,,,,,,,,,,,83.32713224,67.139,-0.77
1708,,,,,,,,,,,,,57.78118383,76.208,-0.73
1709,,,,,,,,,,,,,106.1173596,52.004,-0.09
1710,,,,,,,,,,,,,70.43466211,56.349,0.65
1711,,,,,,,,,,,,,80.68381697,66.183,0.35
1712,,,,,,,,,,,,,73.2464255,36.959,0.09
1713,,,,,,,,,,,,,102.2789911,63.684,-0.13
1714,,,,,,,,,,,,,109.5939135,51.746,-0.92
1715,,,,,,,,,,,,,97.45103041,58.657,-0.54
1716,,,,,,,,,,,,,107.3461407,47.479,-0.51
1717,,,,,,,,,,,,,58.58500017,58.984,0.62
1718,,,,,,,,,,,,,65.73345134,53.327,0.99
1719,,,,,,,,,,,,,115.2886186,58.736,0.47
1720,,,,,,,,,,,,,139.5681865,47.972,0.69
1721,,,,,,,,,,,,,44.74931951,58.654,1.59
1722,,,,,,,,,,,,,84.29201495,57.78,1.14
1723,,,,,,,,,,,,,134.8299693,56.694,0.13
1724,,,,,,,,,,,,,101.3412917,42.233,1.48
1725,,,,,,,,,,,,,117.4319941,90.642,-2.64
1726,,,,,,,,,,,,,194.8885999,68.386,0.13
1727,,,,,,,,,,,,,173.6946475,89.688,-2.79
1728,,,,,,,,,,,,,140.859595,43.844,0.77
1729,,,,,,,,,,,,,51.37909326,33.161,1.33
1730,,,,,,,,,,,,,118.5185789,43.792,0.73
1731,,,,,,,,,,,,,105.3868529,49.772,0.39
1732,,,,,,,,,,,,,95.45230835,51.266,0.39
1733,,,,,,,,,,,,,175.3018242,46.781,-0.73
1734,,,,,,,,,,,,,116.0877611,57.072,-0.62
1735,,,,,,,,,,,,,56.20648616,59.066,-0.02
1736,,,,,,,,,,,,,83.7117528,63.911,-1.18
1737,,,,,,,,,,,,,104.1804995,43.284,-0.06
1738,,,,,,,,,,,,,77.58654907,48.502,-0.92
1739,,,,,,,,,,,,,88.87639604,45.34,0.8
1740,,,,,,,,,,,,,82.37329444,78.751,-0.43
1741,,,,,,,,,,,,,114.7589155,45.04,0.47
1742,,,,,,,,,,,,,93.92613149,75.558,1.22
1743,,,,,,,,,,,,,83.90472832,49.709,0.69
1744,,,,,,,,,,,,,56.20648616,58.262,0.92
1745,,,,,,,,,,,,,130.5528736,44.931,-0.13
1746,,,,,,,,,,,,,209.7907983,46.34,-0.99
1747,,,,,,,,,,,,,149.5500063,35.397,-0.58
1748,,,,,,,,,,,,,103.940891,43.734,0.06
1749,,,,,,,,,,,,,115.8207667,35.999,-0.02
1750,,,,,,,,,,,,,122.9663934,32.376,-1.33
1751,,,,,,,,,,,,,115.2886186,50.019,1.18
1752,,,,,,,,,,,,,100.4121892,71.112,-0.36
1753,,,,,,,,,,,,,85.26807048,62.525,0.28
1754,,,,,,,,,,,,,88.26457523,77.747,0.65
1755,,,,,,,,,,,,,81.24309047,33.939,-1.48
1756,,,,,,,,,,,,,41.28444357,23.218,1.59
1757,,,,,,,,,,,,,86.4542675,58.922,0.92
1758,,,,,,,,,,,,,91.99970516,46.792,-0.39
1759,,,,,,,,,,,,,69.9497933,29.753,0.65
1760,,,,,,,,,,,,,89.08127729,39.97,-0.2
1761,,,,,,,,,,,,,142.1629528,45.328,-0.07
1762,,,,,,,,,,,,,99.26278033,41.775,0.69
1763,,,,,,,,,,,,,91.99970516,54.584,-1.44
1764,,,,,,,,,,,,,122.6835786,45.918,-0.72
1765,,,,,,,,,,,,,75.82046359,45.214,0.36
1766,,,,,,,,,,,,,159.5094566,68.028,0.1
1767,,,,,,,,,,,,,185.2620373,62.626,-0.72
1768,,,,,,,,,,,,,150.9337754,39.134,-0.03
1769,,,,,,,,,,,,,110.6079735,64.63,-0.64
1770,,,,,,,,,,,,,74.78016783,50.235,0.53
1771,,,,,,,,,,,,,114.2316462,45.174,0.21
1772,,,,,,,,,,,,,86.65356517,56.532,0.39
1773,,,,,,,,,,,,,103.940891,33.479,1.31
1774,,,,,,,,,,,,,91.57700491,40.819,1.08
1775,,,,,,,,,,,,,163.2249091,86.926,-0.57
1776,,,,,,,,,,,,,126.1207183,23.231,1.29
1777,,,,,,,,,,,,,86.4542675,32.242,-0.34
1778,,,,,,,,,,,,,92.4243565,58.527,0.79
1779,,,,,,,,,,,,,110.6079735,76.294,-1.82
1780,,,,,,,,,,,,,101.8090618,37.874,-0.17
1781,,,,,,,,,,,,,82.37329444,86.553,-1.19
1782,,,,,,,,,,,,,53.92453832,46.72,-0.69
1783,,,,,,,,,,,,,68.04346724,50.854,0.15
1784,,,,,,,,,,,,,104.6613749,54.261,0.63
1785,,,,,,,,,,,,,92.63741665,62.416,-0.13
1786,,,,,,,,,,,,,105.6297947,43.977,0.61
1787,,,,,,,,,,,,,122.1198987,60.584,-2.51
1788,,,,,,,,,,,,,94.79521928,25.89,0.52
1789,,,,,,,,,,,,,145.1397717,65.644,-0.71
1790,,,,,,,,,,,,,127.2876989,60.209,0
1791,,,,,,,,,,,,,122.1198987,43.535,-0.73
1792,,,,,,,,,,,,,154.0942508,21.124,0.07
1793,,,,,,,,,,,,,69.6284032,59.316,0.4
1794,,,,,,,,,,,,,74.43658417,31.269,1.56
1795,,,,,,,,,,,,,50.09408352,45.213,1.33
1796,,,,,,,,,,,,,122.4014142,52.337,0.43
1797,,,,,,,,,,,,,104.6613749,63.89,-1
1798,,,,,,,,,,,,,64.23717531,40.519,0.38
1799,,,,,,,,,,,,,141.8359871,52.064,0.77
1800,,,,,,,,,,,,,40.62435096,41.202,1.14
1801,,,,,,,,,,,,,113.1843642,63.488,-0.55
1802,,,,,,,,,,,,,120.4443509,31.207,1.68
1803,,,,,,,,,,,,,106.6071751,61.883,-0.12
1804,,,,,,,,,,,,,77.9446723,47.416,0.31
1805,,,,,,,,,,,,,102.043756,53.754,0.15
1806,,,,,,,,,,,,,71.5791333,94.749,-0.13
1807,,,,,,,,,,,,,73.75414546,48.156,0.19
1808,,,,,,,,,,,,,74.60817822,49.391,0.89
1809,,,,,,,,,,,,,106.1173596,79.847,-1.21
1810,,,,,,,,,,,,,162.4749588,76.066,-1.69
1811,,,,,,,,,,,,,163.6011814,57.607,-0.76
1812,,,,,,,,,,,,,90.11278986,41.056,0.59
1813,,,,,,,,,,,,,98.35273369,58.175,-0.41
1814,,,,,,,,,,,,,63.7949697,43.111,0.27
1815,,,,,,,,,,,,,110.6079735,60.78,-0.75
1816,,,,,,,,,,,,,86.25542821,35.14,0.75
1817,,,,,,,,,,,,,96.33551769,44.69,0.64
1818,,,,,,,,,,,,,82.5631845,66.079,0.39
1819,,,,,,,,,,,,,105.6297947,58.632,-0.1
1820,,,,,,,,,,,,,138.6074059,47.939,-0.46
1821,,,,,,,,,,,,,126.4114566,52.955,0.48
1822,,,,,,,,,,,,,62.77495868,52.847,-0.83
1823,,,,,,,,,,,,,97.67567823,37.461,0.32
1824,,,,,,,,,,,,,77.9446723,75.724,0.03
1825,,,,,,,,,,,,,99.72095651,47.888,0.45
1826,,,,,,,,,,,,,132.6741871,52.614,-0.12
1827,,,,,,,,,,,,,126.7028651,38.949,0.74
1828,,,,,,,,,,,,,165.4955938,43.364,-0.96
1829,,,,,,,,,,,,,92.63741665,44.892,0.66
1830,,,,,,,,,,,,,88.46804609,60.962,0.51
1831,,,,,,,,,,,,,86.65356517,44.332,1.11
1832,,,,,,,,,,,,,167.7978669,86.608,0
1833,,,,,,,,,,,,,108.0902286,38.382,0.33
1834,,,,,,,,,,,,,66.03686316,42.602,0.14
1835,,,,,,,,,,,,,137.02078,55.581,-2.13
1836,,,,,,,,,,,,,108.3394024,67.832,0.56
1837,,,,,,,,,,,,,174.4963855,62.838,-1.03
1838,,,,,,,,,,,,,163.2249091,85.13,-2.61
1839,,,,,,,,,,,,,123.5339805,12.283,-0.87
1840,,,,,,,,,,,,,100.6436632,61.724,-0.47
1841,,,,,,,,,,,,,96.33551769,45.145,0.06
1842,,,,,,,,,,,,,66.64789473,69.948,0.3
1843,,,,,,,,,,,,,141.18431,31.52,0.12
1844,,,,,,,,,,,,,87.45536074,61.594,-1.55
1845,,,,,,,,,,,,,66.95552744,75.962,-1.29
1846,,,,,,,,,,,,,60.36517104,49.259,0.36
1847,,,,,,,,,,,,,105.1444698,68.996,-0.22
1848,,,,,,,,,,,,,79.39377195,42.184,-1.47
1849,,,,,,,,,,,,,172.4989419,51.739,-0.76
1850,,,,,,,,,,,,,100.6436632,47.371,-0.18
1851,,,,,,,,,,,,,89.6987592,49.781,-1.06
1852,,,,,,,,,,,,,93.92613149,44.415,0.32
1853,,,,,,,,,,,,,200.8105083,61.028,0.08
1854,,,,,,,,,,,,,162.8495023,44.911,0.55
1855,,,,,,,,,,,,,55.05369031,59.833,0.37
1856,,,,,,,,,,,,,72.57489823,56.402,1.47
1857,,,,,,,,,,,,,85.07195936,56.485,0.85
1858,,,,,,,,,,,,,92.4243565,59.371,-0.93
1859,,,,,,,,,,,,,89.9055362,44.814,-0.17
1860,,,,,,,,,,,,,112.9240474,52.219,-0.93
1861,,,,,,,,,,,,,86.05704623,65.806,0.77
1862,,,,,,,,,,,,,105.1444698,60.549,-0.1
1863,,,,,,,,,,,,,60.226335,42.636,1.29
1864,,,,,,,,,,,,,74.26538478,64.287,0.57
1865,,,,,,,,,,,,,83.32713224,52.103,-0.13
1866,,,,,,,,,,,,,186.9762458,43.984,-1.48
1867,,,,,,,,,,,,,122.1198987,62.39,0.02
1868,,,,,,,,,,,,,146.820411,53.635,-0.43
1869,,,,,,,,,,,,,90.11278986,33.66,0.02
1870,,,,,,,,,,,,,100.4121892,55.009,0.7
1871,,,,,,,,,,,,,64.38525729,49.326,0.97
1872,,,,,,,,,,,,,102.7510895,79.074,-0.51
1873,,,,,,,,,,,,,125.2525094,50.564,0.42
1874,,,,,,,,,,,,,91.15624679,40.531,0.6
1875,,,,,,,,,,,,,104.9026443,66.333,-2.37
1876,,,,,,,,,,,,,104.1804995,70.764,-0.15
1877,,,,,,,,,,,,,123.2498603,45.457,0.31
1878,,,,,,,,,,,,,80.12839348,43.115,0.07
1879,,,,,,,,,,,,,85.85912051,58.928,-0.82
1880,,,,,,,,,,,,,105.6297947,85.573,-1.63
1881,,,,,,,,,,,,,94.35967481,69.45,0.24
1882,,,,,,,,,,,,,81.05623655,52.554,0.47
1883,,,,,,,,,,,,,96.55759399,73.282,-1.59
1884,,,,,,,,,,,,,133.5938407,58.827,-0.93
1885,,,,,,,,,,,,,148.5205113,46.081,-0.33
1886,,,,,,,,,,,,,72.57489823,32.201,-0.24
1887,,,,,,,,,,,,,106.1173596,86.218,-0.28
1888,,,,,,,,,,,,,84.0981487,39.428,-0.14
1889,,,,,,,,,,,,,39.06487469,40.952,1.04
1890,,,,,,,,,,,,,137.6532392,78.408,0.29
1891,,,,,,,,,,,,,96.33551769,50.154,0.11
1892,,,,,,,,,,,,,78.66588548,48.525,0.14
1893,,,,,,,,,,,,,67.41964098,71.852,0.37
1894,,,,,,,,,,,,,115.0234622,76.166,1.22
1895,9.934000015,2.845000029,-3.951999903,17.02300072,17.81800079,-1.44,6.794000268,124.4760036,-1.033333333,0.033250034,13.55550027,-0.95,97.67567823,51.53,0.12
1896,10.77600098,4.796000004,-3.335000038,16.75699997,28.70800018,-2.29,7.758000553,122.0909996,-2.446666667,1.699000016,13.81750011,-2.09,70.59703077,60.707,-0.39
1897,12.91200066,6.623000145,0.681999981,19.20299911,11.57299995,-2.84,9.263250589,172.8389988,-2.793333333,2.859000057,15.66874957,-3.01,83.32713224,51.385,1.23
1898,10.81000042,3.194000006,-2.792999983,18.4260006,15.5010004,-1.96,7.002250284,173.1729974,-1.81,0.768250018,13.23650038,-1.82,114.2316462,46.339,0.91
1899,8.347000122,0.49000001,-4.080999851,16.20400047,39.8409996,-2.53,6.870000303,135.9029999,-2.29,0.104500056,13.63550019,-2.39,91.36638364,81.648,-2.4
1900,9.383000374,1.279999971,-2.786999941,17.48699951,21.51099968,-4.86,8.40650034,46.3369999,-5.04,0.435000002,16.37924981,-4.96,73.92416633,35.131,0.86
1901,11.49800014,5.058000088,-0.400999993,17.93899918,25.46899986,-2.18,8.692250252,140.8789997,-2.003333333,1.988500007,15.3972497,-1.73,79.76023695,37.163,0.82
1902,8.541000366,0.656000018,-2.316999912,16.42700005,8.798000336,-3.36,6.75600028,114.7470016,-3.116666667,-0.677499965,14.19099998,-3.08,66.49460883,75.675,0.64
1903,9.30700016,1.712000012,-5.34800005,16.90200043,15.17199993,-1.57,6.377250284,134.3900023,-1.643333333,-0.537500009,13.29325008,-1.4,96.78018223,58.463,0.56
1904,9.262000084,1.705000043,-4.486000061,16.81900024,40.20999908,-1.98,6.3012501,125.7439957,-1.563333333,-0.949750036,13.55299997,-1.58,109.3418545,35.795,0.25
1905,10.36300087,3.374000072,-5.137000084,17.35300064,29.70599937,-0.8,5.696250285,183.8399944,-0.83,-0.6505,12.04375029,-1.06,86.05704623,31.461,-0.17
1906,8.511000633,0.683000028,-2.289999962,16.34000015,67.40399933,0.87,6.412750244,171.3339996,1.263333333,-0.572749988,13.39974976,1.19,132.9800327,46.457,-0.96
1907,8.80300045,0.279000014,-6.438000202,17.32799911,66.92900085,2.29,5.680250341,214.6569977,2.64,-1.234750055,12.59674978,2.83,184.8359464,64.048,-2.22
1908,7.847000599,0.280999988,-3.381999969,15.41499996,47.05400085,2.6,6.775000513,187.6940003,2.623333333,0.48825001,13.0630002,2.3,147.8381215,23.439,-1.04
1909,10.71200085,2.282999992,-4.197000027,19.14299965,34.71500015,1.21,7.332250595,156.6299973,1.083333333,0.347000003,14.31874967,1.34,122.1198987,59.215,0.51
1910,7.605000496,-1.574000001,-4.909999847,16.7859993,18.61899948,-1.68,7.126250267,78.56100082,-2.383333333,-1.28974995,15.54299998,-2.3,113.1843642,54.05,1.36
1911,7.099000454,-0.97299999,-4.752999783,15.17199993,22.70499992,0.71,6.388750255,133.6299992,0.1,-0.98999995,13.76874995,0.17,123.2498603,64.413,-0.18
1912,7.65500021,0.105999999,-5.087999821,15.20499992,49.39500046,3.25,5.840000182,161.3810005,2.203333333,-1.210499959,12.89174986,2.18,121.5588088,59.496,-0.47
1913,9.527000427,0.68900001,-4.643000126,18.36599922,20.56800079,1.75,6.825750411,194.2940063,1.543333333,-1.115250033,14.76749992,1.36,189.1413287,53.435,0.04
1914,9.528000832,0.418000013,-5.331999779,18.63899994,9.414999962,-0.73,7.35975033,134.4869967,-0.986666667,-0.852249973,15.57225037,-0.9,181.4623102,33.541,0.92
1915,9.736000061,1.493999958,-5.453000069,17.97900009,64.94999695,3.94,5.467000157,259.2330017,4.066666667,-2.187999979,13.12325001,4.46,90.73742188,62.71,-1
1916,9.028000832,0.034000002,-4.497000217,18.02300072,37.43799973,2.39,6.821250409,157.6860008,2.266666667,-0.595750043,14.24000001,1.93,145.4743534,64.403,-0.33
1917,9.005000114,1.299999952,-5.191999912,16.71100044,16.19300079,-1.42,6.680750273,83.77600097,-1.293333333,-0.34800005,13.71025002,-1.11,123.2498603,58.429,-1.04
1918,8.68900013,1.350000024,-5.639999866,16.02899933,39.68299866,1.24,7.077500165,149.0299988,0.3,0.107250005,14.04874969,0.48,110.3535822,57.283,-0.92
1919,11.0710001,3.430000067,-4.163000107,18.71299934,11.46899986,-4.13,9.15800035,38.1949997,-4.973333333,0.825499997,17.49099994,-5.2,55.18060217,40.938,1.4
1920,9.625,2.536000013,-4.485000134,16.7140007,48.04100037,-1.15,6.728250295,159.5569973,-1.08,-0.449500025,13.90725017,-1.22,112.4052085,71.728,-0.33
1921,9.539000511,1.531000018,-4.118000031,17.54899979,32.75899887,-2.39,7.069500327,137.637001,-1.963333333,0.152499974,13.98724985,-1.78,109.5939135,56.334,1.28
1922,12.37800026,4.170000076,-0.768000007,20.58699989,51.44900131,-1,8.541000366,183.4470024,-0.236666667,1.861000031,15.22175002,-0.73,88.26457523,57.902,0.66
1923,9.388000488,2.832000017,-3.832000017,15.94499969,57.00899887,3.16,8.476000369,232.3329963,2.303333333,2.535499931,14.41750002,2.1,118.7917925,32.251,-1.22
1924,9.243000031,1.521000028,-4.486999989,16.96500015,25.07799911,1.02,6.855750263,136.9179993,-0.496666667,-0.175499976,13.88725019,-1.13,64.23717531,60.42,0.42
1925,9.727000237,2.263999939,-3.140000105,17.19000053,47.70299911,1.45,7.925500333,162.4649963,1.376666667,0.850499992,15.00100017,1.18,143.8091222,56.596,-0.17
1926,11.33500099,6.138000011,0.27700001,16.53300095,81.80599976,0.6,8.795000553,180.5090027,0.19,2.834499978,14.75650024,1.05,78.66588548,45.067,0.66
1927,8.61400032,3.75999999,-4.853000164,13.46800041,59.32699966,2.21,6.716500256,184.9329948,2.52,1.749500036,11.68425012,2.62,153.7398438,61.569,-1.87
1928,9.222000122,1.631999969,1.230000019,16.81399918,40.38999939,1.42,8.323000431,196.9440002,1.776666667,2.411750018,14.23525,1.57,131.7608645,47.664,0.17
1929,12.35000038,5.031000137,-5.795000076,19.67099953,33.64400101,-1.74,8.573250264,117.6520004,-1.526666667,1.570250094,15.57799959,-1.26,107.3461407,46.274,0.92
1930,12.47600079,7.72300005,-4.250999928,17.22900009,103.7180023,2.36,8.802500546,183.8620014,-0.593333333,2.394750029,15.21124983,-2,81.80624067,56.288,-0.22
1931,10.72600079,3.48300004,-3.802000046,17.96999931,31.70100021,-3.53,8.964250684,107.5680008,-3.756666667,2.174499929,15.75524974,-3.68,57.78118383,32.492,1.59
1932,10.87100029,2.907000065,-0.27700001,18.83699989,46.92100143,-1.08,8.674500227,199.3430061,-1.243333333,2.43975006,14.91025019,-1.48,83.51922111,56.658,0.8
1933,9.718000412,3,-4.446000099,16.43700027,71.55999756,-2.69,9.11950019,114.9279976,-2.436666667,2.307249904,15.93225038,-2.35,74.26538478,51.508,1.08
1934,10.64700031,3.289999962,-0.558000028,18.00499916,21.02300072,-3.29,9.788000464,171.4560032,-3.233333333,2.657499947,16.91974974,-2.97,40.25190468,61.305,1.33
1935,10.77200031,2.470999956,-1.842000008,19.0739994,24.77700043,-3.49,8.109250367,82.70100022,-3.333333333,0.961499929,15.25799978,-3.54,95.67234865,48.954,0.8
1936,12.79300022,7.475999832,1.513000011,18.11000061,57.62400055,-3.7,11.80525041,153.1490021,-3.82,5.913500071,17.69750023,-3.82,80.3131085,47.154,1
1937,11.62100029,3.305999994,0.552999973,19.93700027,12.97799969,-2.61,9.541750431,163.4849997,-2.5,2.944999937,16.13925028,-2.32,104.6613749,31.744,1.13
1938,10.41900063,2.266000032,-4.132999897,18.5720005,52.27299881,1.88,8.03875038,202.7010002,1.73,1.398250044,14.68000031,1.12,111.1185167,57.037,0.45
1939,10.74900055,2.911999941,0.981000006,18.58600044,33.93000031,-1.66,8.869250417,155.9430027,-1.66,1.829249963,15.90974998,-1.86,65.88498259,41.964,1.17
1940,11.99400043,3.440999985,-2.674000025,20.54899979,26.92900085,-1.98,9.625000477,140.451004,-1.916666667,1.73300001,17.51824999,-1.67,85.66165002,29.063,1.53
1941,10.26300049,4.176000118,-2.296999931,16.35000038,97.29599762,3.02,8.714000463,231.737999,1.676666667,2.508249998,14.92075014,2.75,97.45103041,38.595,-1.12
1942,9.995000839,2.015000105,-5.118999958,17.97699928,24.36700058,-0.16,6.616250321,113.0840015,0.563333333,-0.518249929,13.75174987,0.77,124.6770264,45.009,0.32
1943,11.04100037,3.390000105,-5.06099987,18.69300079,50.38700104,0.92,7.385000288,165.2660008,1.356666667,0.907500088,13.86325037,1.23,110.6079735,65.848,-0.18
1944,10.65300083,3.58100009,-2.798000097,17.72699928,16.14100075,1.21,7.416000485,283.8900089,1.913333333,1.25699997,13.57624984,2.24,100.8756708,48.406,-0.04
1945,9.54900074,2.450000048,-4.282000065,16.64800072,79.82499695,1.58,6.450000346,223.6419964,1.93,0.22724995,12.67400014,2.29,112.6643293,32.063,-0.59
1946,9.819000244,2.894999981,-1.610999942,16.74300003,22.02700043,1.97,7.827750206,119.6590004,0.54,1.610750042,14.04575026,0.39,91.36638364,62.873,1.28
1947,10.76400089,2.871999979,-3.130000114,18.65699959,48.97000122,-0.56,7.860500515,206.562006,0.336666667,1.045999974,14.67549992,0.77,145.1397717,62.261,0.81
1948,12.15700054,5.862999916,-0.55400002,18.45100021,37.33800125,-1.21,9.046250582,203.916996,-0.19,3.252000004,14.84149981,-0.53,96.55759399,46.342,0.65
1949,13.25700092,6.859000206,-1.083999991,19.65699959,18.82799911,0.69,9.405000567,115.8899956,-0.496666667,2.967500046,15.84325004,-0.95,104.9026443,55.013,2.01
1950,10.57000065,4.131000042,-5.222000122,17.00900078,25.96999931,3.17,6.984750465,170.4969959,3.126666667,0.868499965,13.10175025,3.51,139.8899244,61.696,0.17
1951,10.36400032,4.368000031,-2.049000025,16.36000061,68.53900146,4.63,7.523500264,211.711998,4.346666667,1.592999995,13.45525002,4.15,125.2525094,55.089,-2.79
1952,12.15400028,6.002999783,-1.980000019,18.30599976,55.36899948,-1.94,9.166000366,141.737999,0.893333333,3.097249925,15.23525,1.78,95.01374483,66.702,0.06
1953,12.53300095,6.198999882,-4.420000076,18.86700058,49.27799988,-1.89,9.079250574,130.0370007,-0.813333333,2.866499961,15.29225016,-1.32,91.99970516,60.167,-0.3
1954,11.36900043,5.052999973,-2.000999928,17.68600082,32.20800018,-1.52,8.968250394,140.866003,-1.43,2.805499978,15.13175035,-1.55,65.43143356,57.836,-0.35
1955,13.8220005,7.171999931,-1.264999986,20.47200012,25.28800011,-1.35,9.220250368,128.2119999,-0.97,3.173749953,15.26775002,-0.98,64.68244614,58.912,1.12
1956,10.61900043,4.114999771,-0.634000003,17.12400055,30.96800041,-2.59,9.422750592,83.49300003,0.136666667,3.405499891,15.44149971,1.14,101.5749075,67.279,0.55
1957,12.13800049,5.524000168,-2.309000015,18.75200081,31.60700035,3.97,8.818000376,204.5200024,4.363333333,2.56175001,15.07475019,4.28,113.1843642,39.687,0.61
1958,12.16600037,5.670000076,1.628000021,18.66399956,49.39099884,1.01,8.97475028,207.038002,1.966666667,2.754500002,15.19599986,2.13,81.05623655,58.633,-0.03
1959,11.34100056,4.474999905,-4.744999886,18.20899963,25.35499954,1.24,8.629250437,103.7950001,1.086666667,2.186000049,15.07375002,0.9,79.94410329,54.48,0.11
1960,10.10300064,2.931999922,-2.490999937,17.27499962,60.8370018,-2.96,8.988750279,110.5220032,-2.723333333,2.259000033,15.7192502,-2.87,71.74414024,48.839,0.36
1961,13.2300005,6.583000183,-2.16899991,19.87700081,61.34899902,2.68,10.12100053,112.8290005,-0.756666667,3.686500013,16.55650043,-1.44,58.31582655,48.339,0.56
1962,10.28200054,3.496000051,-2.614000082,17.06800079,64.66400146,2.37,7.845000505,202.927002,2.84,1.607250005,14.08350039,3.05,149.8947546,65.333,-0.71
1963,11.91400051,5.484000206,-1.35800004,18.34399986,12.27900028,-1.88,8.971500397,135.1980009,0.343333333,2.781000018,15.16275001,1.45,112.9240474,39.29,0.68
1964,9.816000938,3.036000013,-2.11500001,16.59799957,43.73600006,0.73,8.356000602,192.3799935,1.416666667,2.07525,14.63849998,1.33,100.1812475,59.953,-1.85
1965,9.701000214,3.039000034,-3.78399992,16.36300087,50.43299866,3.7,7.328000247,159.5099945,3.893333333,1.048750088,13.60750043,4.61,142.1629528,67.933,-1.83
1966,10.82500076,4.085999966,0.050000001,17.56500053,48.3030014,-1.27,9.446000457,127.1240025,-1.32,3.203500045,15.68900037,-1.19,92.85096795,37.621,0.49
1967,12.24100018,5.59800005,-4.053999901,18.88599968,16.74300003,2.66,7.900250375,212.819004,2.723333333,1.501250014,14.29999995,2.28,119.8909594,42.808,-0.04
1968,8.399000168,1.888000011,-4.330999851,14.91100025,101.0680008,3.25,7.241000414,246.7870007,3.553333333,0.70175001,13.78125012,3.77,104.9026443,72.304,-4.57
1969,13.83200073,7.130000114,-0.597000003,20.5359993,14.99699974,0.88,8.869750381,210.5730038,1.22,2.295750052,15.44449997,1.02,91.15624679,46.574,1.1
1970,13.59200096,6.44299984,-2.99000001,20.74200058,33.12799835,2.5,9.239750564,135.2479973,1.993333333,2.623250008,15.85724998,2.22,102.5147686,58.988,0.94
1971,14.07600021,7.21600008,-2.982000113,20.93700027,43.58800125,2.8,8.70200032,117.4290009,2.183333333,2.193750024,15.21075034,2.06,102.2789911,72.216,0.62
1972,11.11400032,4.518000126,-2.964999914,17.71100044,59.96300125,3.96,8.025750458,173.4099998,3.47,1.703250051,14.34924984,3.51,103.940891,73.164,-0.57
1973,11.62200069,4.609000206,-4.043000221,18.63699913,42.07799911,-1.03,8.186250389,119.1809978,-1.146666667,1.326499954,15.04725003,-0.74,97.00328359,33.339,0.05
1974,8.624000549,1.588999987,-4.059999943,15.6590004,71.10800171,1.57,8.114500612,152.2510014,1.883333333,1.626749993,14.60325003,2.07,107.0992515,77.414,-1.41
1975,9.124000549,2.424999952,-5.497000217,15.82499981,40.69100189,3.55,6.855500266,210.0009995,3.33,0.447999925,13.26450002,2.81,128.4654775,62,-2.48
1976,9.990000725,3.316999912,-1.919999957,16.66399956,33.70399857,2.48,8.499000549,148.0500012,2.9,2.024999969,14.97374988,2.99,102.5147686,51.539,-0.04
1977,9.292000771,2.244999886,-2.969000101,16.34000015,69.95200348,-3.16,8.3725003,154.2940045,-3.1,1.936249912,14.80975008,-3.03,40.15932786,47.112,-0.15
1978,9.68200016,2.609999895,-4.342999935,16.75499916,16.68700027,1.96,7.199500352,114.993,2.066666667,0.67225004,13.72774959,2.51,162.4749588,59.963,-1.08
1979,10.89900017,4.5,-3.256999969,17.29999924,69.16100311,-2.03,8.430750251,148.5230007,-1.776666667,2.127750069,14.73524976,-2.13,104.4206604,51.484,-0.3
1980,8.909000397,2.282000065,-1.899999976,15.5369997,49.43000031,1.32,8.097250402,159.9419975,1.076666667,1.805000067,14.39049983,1.38,130.2526103,56.924,-1.24
1981,12.37500095,5.782000065,-2.832999945,18.96800041,23.62800026,-1.25,8.295000434,175.6399975,-0.66,2.039750075,14.55050015,-1.38,105.8732965,29.45,0.69
1982,12.7140007,4.956999779,-4.427999973,20.47200012,49.77500153,3.14,7.575250387,191.6930008,2.86,0.913749974,14.23799992,2.9,124.1041875,60.535,-0.3
1983,12.83300018,6.482999802,-5.886000156,19.18400002,41.63899994,1.74,7.56575036,157.6090012,1.62,1.208999962,13.92324984,1.61,127.2876989,58.088,0.63
1984,12.11900043,4.241000175,-5.190000057,19.99799919,59.90999985,3.05,7.6680004,163.9889984,2.47,0.524000049,14.81349969,2.5,125.8306487,41.185,0.01
1985,9.729000092,1.784000039,-2.575000048,17.67499924,51.43000031,2.02,8.724500299,152.7370033,0.563333333,1.178750031,16.27125001,1.27,87.65696617,59.298,-2.35
1986,11.66300011,3.270999908,-4.888000011,20.05699921,50.9679985,2.91,8.51725024,172.6559982,2.65,0.713999987,16.32199955,2.84,180.2131324,72.747,-0.25
1987,8.430000305,0.451999992,-0.913999975,16.4090004,70.73200226,0.81,8.384500504,242.5139999,1.573333333,1.053499974,15.71675014,1.64,73.92416633,34.81,0.22
1988,11.22600079,2.36500001,-2.519000053,20.08799934,7.403999805,-3.76,10.27125043,61.2309996,-3.48,2.69174999,17.85224986,-3.36,68.83137346,30.179,2.22
1989,10.71900082,3.506000042,-3.573999882,17.93300056,71.31800079,0.76,8.653000593,164.2120018,0.853333333,1.457500033,15.8499999,0.63,95.01374483,65.912,-1.4
1990,10.78600025,3.844000101,-5.695000172,17.72900009,60.24599838,0.72,7.238750368,142.4629993,-0.046666667,0.606999978,13.87174988,-0.74,92.85096795,46.154,-0.84
1991,11.96000099,4.919000149,-3.806999922,19.00200081,38.19900131,1.21,8.014500648,112.4190025,0.946666667,1.371750027,14.65875018,0.94,103.940891,48.116,-0.1
1992,9.820000648,2.645999908,-2.048000097,16.99600029,20.15299988,2.72,7.293500423,287.0590057,2.96,0.756749958,13.83174992,3.13,66.03686316,42.98,-0.47
1993,8.119000435,1.613000035,-2.48300004,14.625,50.8030014,2.84,5.785000324,239.4160004,2.926666667,-0.417999994,11.98875022,2.75,132.369045,50.744,-3.02
1994,11.69800091,4.184999943,-2.038000107,19.21299934,24.83200073,0.86,8.459000468,131.1000023,-0.533333333,1.32024999,15.59924984,-1.52,82.75351229,33.179,0.96
1995,11.06200027,3.845000029,-5.972000122,18.28000069,35.56600189,2.98,6.82550025,158.1130066,2.666666667,0.109249964,13.54349995,2.54,127.5811274,60.543,-0.29
1996,10.92400074,3.273999929,-4.584000111,18.57699966,27.00499916,2.78,7.681750357,70.19599914,2.586666667,0.706749931,14.65874982,2.69,119.3401105,68.239,0.61
1997,10.20000076,3.736000061,-4.06799984,16.66500092,66.07299805,5.04,7.694500387,198.3159943,4.86,1.18475008,14.20525002,4.67,137.3366455,66.804,-1.02
1998,11.78800011,4.972000122,-3.051000118,18.60499954,55.2879982,0.56,7.91225028,237.4369965,1.09,1.600250066,14.22475004,1.12,176.5169584,44.632,0.04
1999,11.51300049,4.899000168,-4.078999996,18.12800026,59.86600113,0.74,7.592000395,167.9749985,1.166666667,1.205000072,13.97900009,1.35,115.8207667,53.686,-0.18
2000,12.38600063,4.936999798,-2.551000118,19.83699989,25.64599991,-1.03,8.658500493,109.9569969,-1.08,2.006999873,15.31149983,-1.11,76.34602594,38.167,1.56
2001,12.95000076,5.31099987,-2.915999889,20.59000015,15.44799995,-1.86,9.147000551,152.9730015,-2.143333333,2.216500044,16.07775044,-2.34,45.89722576,26.27,0.77
2002,9.552000046,2.483999968,-5.087999821,16.62100029,51.15999985,1.31,8.004250407,182.9539986,1.416666667,1.184000015,14.82550025,1.25,76.87523131,44.663,-0.38
2003,13.25700092,6.532000065,-3.572000027,19.98200035,18.11899948,-2.52,9.102000654,83.43299913,-2.393333333,2.246,15.95875025,-2.51,76.17043495,43.614,1.32
2004,9.112000465,2.694000006,-3.292999983,15.53100014,77.56300354,2.19,7.062000394,195.1690064,1.083333333,0.868499997,13.25625002,1.63,86.65356517,48.809,-1.5
2005,10.84900093,3.910000086,-4.098999977,17.78800011,56.93999863,-0.51,7.861000538,173.3789978,0.176666667,1.319749974,14.40324998,0.7,120.7220038,48.416,-0.41
2006,11.15400028,3.687000036,-2.496000051,18.62199974,17.15399933,-1.74,9.736000538,101.0729981,-2.413333333,2.580749989,16.89225006,-2.51,74.95255392,40.972,0.41
2007,12.20500088,5.160999775,-2.585999966,19.25099945,46.89799881,-0.56,10.25800061,157.9929962,-1.443333333,3.091000021,17.42624974,-1.82,73.41527595,45.558,0.78
2008,11.6600008,4.175000191,-3.719000101,19.14699936,21.81100082,-1.02,8.105250418,101.4260025,-1.093333333,1.117750019,15.09449959,-1.03,114.2316462,70.971,-0.59
2009,10.48900032,3.558000088,-4.107999802,17.42000008,50.35499954,1.92,7.546750367,227.3580055,1.966666667,0.78275004,14.3119998,1.56,133.2865834,53.161,0.14
2010,10.81300068,3.789999962,-7.111999989,17.83799934,56.03499985,-0.79,6.94625029,178.2280006,-0.056666667,0.176499993,13.71674967,-0.38,78.30444857,53.871,-0.76
2011,12.18200016,5.06799984,-4.586999893,19.29700089,34.92200089,1.32,7.86100021,122.9370003,1.726666667,1.219750025,14.50300026,1.33,120.4443509,65.189,0.18
2012,12.69800091,5.222000122,-4.063000202,20.17499924,22.34900093,-2.19,9.328250468,86.41499901,-2.276666667,2.196999997,16.4599998,-2.64,74.95255392,62.186,1.47
2013,12.8930006,5.77699995,-2.667999983,20.01000023,29.19799995,-0.61,9.511500418,125.0039997,-1.26,2.596499979,16.42750001,-1.25,81.43037514,44.737,0.9
2014,10.12100029,4.239999771,-3.285000086,16.00300026,93.75,2.57,8.080750346,194.3600006,3.02,1.475499909,14.6869998,3.31,109.0903752,52.841,-0.95
2015,11.27400017,4.462999821,-2.77699995,18.08699989,60.03099823,-2.08,8.979500353,142.5149994,-1.69,2.358500004,15.6017499,-1.67,112.9240474,40.779,1.87
,10.95100021,3.407000065,-2.693000078,18.49500084,20.57900047,-2.15,9.057250381,78.95199966,-2.933333333,1.957999945,16.15700006,-3.13,80.49824934,,3.02
,11.23300076,4.250999928,-3.457999945,18.21699905,41.97700119,-1.33,9.098500609,137.026001,0.23,2.013999969,16.18399978,0.57,191.331482,,1.89
,11.00700092,4.058000088,-0.935000002,17.95700073,45.24000168,3.63,9.333500624,164.0979996,2.67,2.457249984,16.21125007,2.6,176.1109807,,0.42
,11.51049995,4.505000114,-4.590000153,18.51600075,42.63000107,1.83,7.711174816,177.1880035,0.02,1.109249983,14.31324995,-1.16,,,1.92
,,,,,,-4.13,,,-4.303333333,,,-4.21,,,
